CENTRAL,NODO,NUMCRUCE,DIRECCION,TIPO
8,22,1,CARRETERA DE SU EMINENCIA - AVENIDA DE LA PAZ - ESCULTOR SEBASTIAN SANTOS,MFU
7,4,2,AVENIDA DE LA PALMERA - TORCUATO LUCA DE TENA,MF5
7,12,3,AVENIDA MANUEL SIUROT- CARDENAL ILUNDAIN,MF5
4,18,4,GLORIETA DE LA REPUBLICA DOMINICANA,DYNAMIC
6,16,5,GLORIETA CARLOS CANO - AVENIDA BLAS INFANTE - RUBEN DARIO - AVENIDA DE ALFREDO KRAUS,RTAC
9,3,6,AVENIDA RAMON Y CAJAL- VILLEGAS Y MARMOLEJO - VIRGEN DEL SOL,MTR/3
9,17,7,ESPINOSA Y CARCEL- DIVINO REDENTOR - SANTA MARIA MAZZARELLO,MTR/3
6,3,8,VIRGEN DE LUJAN -JUAN RAMON JIMENEZ ,DYNAMIC
6,4,9,VIRGEN DE LUJAN - PEDRO PEREZ FERNANDEZ - VIRGEN DEL AGUILA,DYNAMIC
10,2,10,AVENIDA EDUARDO DATO - MARQUES DE NERVION,DYNAMIC
13,7,11,AVENIDA DELOS GAVILANES - PUERTO DEL ESCUDO - LEANDRAS,MFU
7,5,12,AVENIDA DE LA PALMERA - CARDENAL ILUNDAIN - PAEZ DE RIVERA,MF5
4,16,13,REPUBLICA ARGENTINA - ESPERANZA DE TRIANA - MI—O,DYNAMIC
4,14,14,REPUBLICA ARGENTINA-VIRGEN DE SETEFILLA - VIRGEN DE LAS HUERTAS,MTR/2
6,14, 15,GLORIETA DE LAS CIGARRERAS,DYNAMIC
6,1,16,VIRGEN DE LUJAN -JUAN SEBASTIAN ELCANO - MONTE CARMELO,DYNAMIC
6,2,17,VIRGEN DE LUJAN - ASUNCION - VIRGEN DEL VALLE,DYNAMIC
8,2,18,NTRA. SRA. DE LAS MERCEDES - ALMIRANTE TOPETE- CARDENAL BUENO MONREAL,SENTINEL
7,9,19,AVENIDA DE LA BORBOLLA - AVENIDA DE LA GUARDIA CIVIL - AVENIDA MANUEL SIUROT,MF5
2,11,20,AVENIDA DE LA BORBOLLA - AVENIDA DE PORTUGAL - DOCTOR PEDRO DE CASTRO,SENTINEL
54,4,21,CARLOS V-PRADO SAN SEBASTIAN,MG
10,16,22,AVENIDA EDUARDO DATO - AVENIDA LUIS DE MORALES - AVENIDA SAN FRANCISCO JAVIER,MF
3,6,23,ARJONA- CRISTO DE LA EXPIRACION - PLAZA DE LA LEGION,MF
2,2,24,RESOLANA - FERIA,DYNAMIC
2,27,25,PARLAMENTO DE ANDALUCIA - SAN JUAN DE RIBERA - MU—OZ LEON,SENTINEL
13,9,26,INGENIERO JUAN DEVLA CIERVA - AVENIDA DE LOS GAVILANES - ARZOBISPO DON MU—O - PRUNA,MFU
13,10,27,INGENIERO JUAN DE LA CIERVA - PEDRO DE VALDIVIA,MFU
13,11,28,INGENIERO JUAN DE LA CIERVA - SIMON BOLIVA\R - AZORIN,MFU
13,12,29,INGENIERO JUAN DE LA CIERVA - GUSTAVO DORE - FRAY LUIS DE LEON,MFU
13,13,30,INGENIERO JUAN DE LA CIERVA - LA ALGABA - AVENIDA DE LA CALESERA - AVENIDA DE LA PLATA,MFU
10,15,31,AVENIDA LUIS MONTOTO - AVENIDA DE LA CRUZ DEL CAMPO - AVENIDA EL GRECO, SENTINEL
10,18,32,AVENIDA LUIS MONTOTO - MANUEL RAMON ALARCON - MARQUES DE NERVION - BALTASAR GRACIAN,SENTINEL
10,19,33,AVENIDA LUIS MONTOTO - AVENIDA KANSAS CITY - AVENIDA LUIS DE MORALES,MF
10,21,34,AVENIDA LUIS MONTOTO - FERNANDO TIRADO - SAN FLORENCIO - DEL PILAR,MF
1,15,35,AVENIDA LUIS MONTOTO - LA FLORIDA,MF
9,4,36,AVENIDA RAMON Y CAJAL - MARQUES DE NERVION - URBION,DYNAMIC
9,6,37,AVENIDA RAMON Y CAJAL - RONDA DELTA.MARGUKLLO - AVENIDA HYTASA,MF
6,6,38,VIRGEN DE LUJAN - VIRGEN DE AGUAS SANTAS,DYNAMIC
6,5,39,VIRGEN DE LUJAN - VIRGEN DE LAS MONTA—AS,DYNAMIC
14,16,40,PLAZA 1 DE MAYO - CARLOS MARX - AVENIDA FEDERICO MAYO GAYARRE - AVENIDA JUAN XXIII - CANDELERIA,MFU
2,17,41,FRAY ISIDORO DE SEVILLA - CRUZ ROJA - DOCTOR JIMENEZ DIAZ - MANUEL VILLALOBOS - PREVISION,DYNAMIC_T3
10,13,42,AVENIDA EL GRECO - AVENIDA DE LA SOLEA - SINAI,DYNAMIC
9,7,43,PLAZA DE RUPERTO CHAPI,MF
14,1,44,RONDA DEL TAMARGUILLO - CLEMENTE HIDALGO - FEDERICO MAYO GAYARRE - CRUZ DEL SUR - MARQUES DE PICKMAN,MF
3,19,45,PLAZADE CHAPINA,MF
5,15,46,PLAZA DEL ALTOZANO,MTR/3
5,4,47,PLAZA SAN MARTIN DE PORRES,RTAC
5,3,48,SAN JACINTO - SANTA CECILIA,DYNAMIC
5,2,49,SAN JACINTO - ESPERANZA DE TRIANA,MTR/2
6,11,50,ASUNCION - AVENIDA FLOTA DE INDIAS - AVENIDA PRESIDENTE ADOLFO SUAREZ,MF
7,2,51,GLORIETA PLUS ULTRA,MF5
7,1,52,GLORIETA LOS DEL RIO - CARRETERA SU EMINENCIA - AVENIDA MANUEL SIUROT,MF5
5,1,53,SAN JACINTO - PAGES DEL CORRO,MTR/2
7,3,54,AVENIDA DE LA PALMERA - PADRE GARCIA TEJERO,MF5
5,13,55,AVENIDA DE CORIA - CORU—A,RTAC
6,12,56,GLORIETA JUAN PABLO II,MF
4,12,57,PLAZA DE CUBA,DYNAMIC
4,15,58,REPUBLICA ARGENTINA - ARCOS - VIRGEN DE VILLADIEGO,MTR/2
4,19,59,GLORIETA DE LOS MARINEROS,MF
21,1,60,GLORIETA SAN DIEGO,MF4
54,3,61,PLAZA DON JUAN DE AUSTRIA,MG
54,5,62,CARLOS V - DIEGO DE RIA—O,MG
21,3,63,MENENDEZ PELAYO - AVENIDA DE MALAGA,SENTINEL
50,20,64,MENENDEZ PELAYO - SANTA MARIA LA BLANCA,DYNAMIC
1,20,65,MENENDEZ PELAYO - LA FLORIDA,DYNAMIC
1,1,66,AVENIDA LUIS MONTOTO - MENENDEZ PELAYO - RECAREDO,SENTINEL
1,2,67,RECAREDO - PLAZA CARMEN BENITEZ,MTR/2
1,3,68,RECAREDO - PU—ONROSTRO - GONZALO DE BILBAO,DYNAMIC
1,4,69,MARIA AUXILIADORA - MU—OZ TORRERO - JOSE LAGUILLO,MF
1,5,70,RONDA CAPUCHINOS - CARRETERA CARMONA,MF
1,6,71,RONDA   CAPUCHINOS - AVENIDA MIRAFLORES - CORINTO,DYNAMIC
1,7,72,RONDA CAPUCHINOS - AVENIDA DE LA CRUZ ROJA - MAESTRO QUIROGA,DYNAMIC
2,1,73,PARLAMENTO DE ANDALUCIA - DON FADRIQUE - RESOLANA,SENTINEL
2,3,74,TORNEO - PUERTA BARQUETA - PLAZA DUQUESA CAYETANA DE ALBA,MF
4,7,75,PASEO COLON - ANTONIA DIAZ,SENTINEL
4,2,76,PASEO COLON- SANTANDER - POSTIGO DEL CARBON,MF
4,3,77,PASEO COLON - ALMIRANTE LOBO,DYNAMIC_T3
4,4,78,PASEO COLON- PUENTE DE SAN TELMO -PASEO DE LAS DELICIAS,MF4/10
2,11,79,JOSE DIAZ - ANTONIO BUERO VALLEJO,DYNAMIC_T3
52,9,80,PP. AVENIDA DE ANDALUCIA - DOBLA,MF
4,6,81,AVENIDA DE ROMA - PALOS DE LA FRONTERA,DYNAMIC_T3
4,5,82,PASEO DE LAS DELICIAS - AVENIDA DE ROMA,MF
21,19,83,FELIPE II - VALPARAISO,MTR/2
21,20,84,FELIPE II - DIEGO DE LA BARRERA - BOGOTA,SENTINEL
8,1,85,FELIPE II - AVENIDA DE RAMON CARANDE - AVENIDA NUESTRA SE—ORA DE LAS MERCEDES,SENTINEL
8,3,86,GLORIETA VICTIMAS DEL TERRORISMO - NTRA. SRA. DE LAS MERCEDES - ALCALDE JUAN FERNANDEZ,SENTINEL
8,7,87,AVENIDA DE LA PAZ - RONDA NUESTRA SE—ORA DE LA OLIVA,SENTINEL
8,8,88,AVENIDA DE LA PAZ - REINA DE LOS ANGELES,SENTINEL
21,17,89,AVENIDA DE LA BORBOLLA - FELIPE II,DYNAMIC_T3
3,8,90,REYES CATOLICOS - ARJONA - PASEO COLON,MF
3,10,91,REYES CATOLICOS - MARQUES DE PARADAS - PASTOR Y LANDERO,DYNAMIC
3,11,92,REYES CATOLICOS - JULIO CESAR - SANTAS PATRONAS - ZARAGOZA - SAN PABLO,MTR/3
3,14,93,PLAZA DE LA LEGION - MARQUES DE PARADAS,DYNAMIC
3,15,94,MARQUES DE PARADAS - SAN LAUREANO - ALFONSO XI,MTR/2
1,18,95,PLAZA PONCE DE LEON - JUAN DE MESA,MTR/3
10,12,96,AVENIDA KANSAS CITY - AVENIDA EL GRECO,MF
11,9,97,AVENIDA KANSAS CITY - CARRETERA DE CARMONA - MACEDONIA,DYNAMIC_T3
14,3,98,AVENIDA DE ANDALUCIA - RONDA DEL TAMARGUILLO,MFU
10,27,99,GRAN PLAZA - AV. EDUARDO DATO - AV. CRUZ DEL CAMPO -MARQUES DE PICKMAN - AV. CIUDAD JARDIN,DYNAMIC
50,5,100,TORRELAGUNA    - TORREMEGIA,MF5
7,14,101,AVENIDA MANUEL SIUROT - TORCUATO LUCA DE TENA,MF5
3,13,102,MARQUES DE PARADAS - JULIO CESAR - CANALEJAS,DYNAMIC
3,3,103,TORNEO - BA—OS,MTR/1
11,29,104,PP. AVENIDA KANSAS CITY - NARANJITO DE TRIANA,SENTINEL
10,26,105,PP. AVENIDA DE LA BUHAIRA - PIRINEOS,SENTINEL
3,9,106,PASEO COLON - ADRIANO,DYNAMIC
6,10,107,MAESTRANZA AEREA (ANTIGUO GARCIA MORATO) - ALFONSO DE ORLEANS,DYNAMIC
9,16,108,ESPINOSA Y CARCEL - FERNANDEZ DE RIBERA,MTR/3
1,8,109,RONDA CAPUCHINOS - SAN JULIAN - MADRE DOLORES MARQUEZ,DYNAMIC
2,14,110,SAN JUAN DE RIBERA - FRAY ISIDORO DE SEVILLA,DYNAMIC_T3
2,16,111,DOCTOR FEDRIANI - DOCTOR LEAL CASTA—OS - DOCTOR MARA—ON - SAN JUAN DE RIBERA,DYNAMIC_T3
2,9,112,DOCTOR FEDRIANI - DIAMANTE - DOCTOR JAIME MARCOS,DYNAMIC_T3
2,8,113,DOCTOR FEDRIAN - AGATA - AVENIDA DE SAN LAZARO,DYNAMIC_T3
2,12,114,AVENIDA SANCHEZ PIZJUAN - DOCTOR MARA—ON - JOSE DIAZ,DYNAMIC
2,28,115,DOCTOR LEAL CASTA—OS - SOR FRANCISCA DOROTEA - AV. SAN LAZARO - MANUEL VILLALOBOS - LEON XIII,SENTINEL
2,29,116,RONDA DE PIO XII - SOR FRANCISCA DOROTEA - TRABAJADORES INMIGRANTES - LA BARZOLA - MADRESELVA ,DYNAMIC_T3
12,1,117,RONDA PIO XII - PLAZA DE FERNANDO BARQUIN,DYNAMIC_T3
12,25,118,RONDA   DE PIO XII - MIRAFLORES - AVENIDA PINO MONTANO - SAN JUAN DE LA SALLE - AVENIDA DE LLANES,DYNAMIC
2,18,119,P.P. BLAS INFANTE - METRO,DYNAMIC
11,1,120,CARRETERA CARMONA - FRANCISCO DE ARI√ëO - ALMADEN DE LA PLATA,MFU
11,6,121,CARRETERA CARMONA - ARQUITECTO JOSE GOMEZ MILLAN - ALONSO FERNANDEZ DE SANTILLANA,MFU
11,7,122,CARRETERA CARMONA - POLIGONO STORE - HESPERIDES - BALTASAR DE ALCAZAR,MFU
11,8,123,CARRETERA CARMONA - POLIGONO CALONGE - AVIACION,DYNAMIC
15,13,124,AVENIDA DE SENECA - SECOYA - A4 CTRA DE ANDALUCIA - ACCESO PARQUE ALCOSA - CARRETERA DE BRENES,DYNAMIC
1,12,125,AMADOR DE LOS RIOS - GONZALO BILBAO,SENTINEL
1,13,126,AMADOR DE LOS RIOS - LUIS CADARSO - JUAN DE VERA,MTR/3
10,14,127,AVENIDA EL GRECO - MANUEL RAMON ALARCON - ISAAC ALBENIZ - TARSO,MTR/4
50,14,128,AVENIDA PABLO IGLESIAS SAMANIEGO - P'UEBLO SAIHARAUI - ESPERANZA DE  LA TRINIDAD - PEDRO VALLINA,MFU
4,13,129,REPUBLICA ARGENTINA - VIRGEN DE CONSOLACION,DYNAMIC_T3
14,11,130,AVENIDA DE ANDALUCIA - VENCEJO - GORRION - AVENIDA DEL TRANSPORTE,MFU
14,18,131,NAVIOS ARGOS - CANDELILLA - CANDELON - GALAXIA,MFU
14,17,132,FEDERICO MAYO GAYARRE - CANDELILLA - PEDRO DE MADRID,MFU
14,20,133,AVENIDA JUAN XXIIl - AVENIDA DE LOS GAVILANES - AVENIDA DE LA MONTERIA - AVENIDA DE LA REVOLTOSA,MFU
13,6,134,AFAN DE RIBERA - OCHO DE MARZO ,MFU
13,5,135,GLORIETA CUZCO - CARRETERA SU EMINENCIA - AVENIDA DE HYTASA - OCHO DE MARZO - AGUILA PERDICERA,RTAC
13,4,136,AVENIDA HYTASA - GALICIA - ANDALUCIA AMARGA,RTAC
21,12,137,AVENIDA DE PORTUGAL - DIEGO DE RIA—O,MTR/2
21,16,138,AVENIDA DE LA BORBOLLA - BRASIL,SENTINEL
7,18,139,AVENIDA REINA MERCEDES - PAEZ DE RIVERA - ISAAC PERAL,MF5
7,2,140,GLORIETA ALCALDE FERNANDO DE PARIAS MERRY - AVENIDA REINA MERCEDES - PADRE GARCIA TEJERO - HONDURAS,MF5
7,22,141,PADRE GARCIA TEJERO - MONZON,MF5
7,23,142,PADRE GARCIA TEJERO - SAN ANTONIO MARIA CLARET - DOCTOR FLEMING,MF5
6,7,143,VIRGEN DE LUJAN - SANTA FE,DYNAMIC
5,7,144,LOPEZ DE GOMARA - JUAN DIAZ DE SOLIS - EVANGELISTA,DYNAMIC
6,17,145,RUBEN DARIO - JUAN DIAZ DE SOLIS - SAN JOSE DE CALASANZ,RTAC
6,18,146,RUBEN DARIO - ALVAR NU—EZ,RTAC
5,9,147,ESPERANZA DE TRIANA - TRABAJO,DYNAMIC
5,11,148,SAN VICENTE DE PAUL - SANTA CECILIA,RTAC
3,18,149,PUENTE CRISTO DE LA EXPIRACION - PLAZA DE CHAPINA - ODIEL,DYNAMIC
6,8,150,AVENIDA FLOTA DE INDIAS - ALFONSO DE ORLEANS - AVENIDA DE ALFREDO KRAUS - VIRGEN DE LA    OLIVA,DYNAMIC
7,8,151,GLORIETA DE MEJICO,MF5
9,2,152,AVENIDA RAMON Y CAJAL - AVENIDA SAN FRANCISCO JAVIER - AVENIDA DIEGO MARTINEZ BARRIOS,MTR/4
9,5,153,AVENIDA RAMON Y CAJAL - AVENIDA CIUDAD JARDIN - AVENIDA ALCALDE JUAN FERNANDEZ,DYNAMIC
5,14,154,CARRETERA MURO DE DEFENSA - AVENIDA DE CORIA,RTAC
9,12,155,AVENIDA CIUDAD JARDIN - FRANCISCO BUENDIA,MTR/3
51,8,156,MEDINA Y GALNARES - CATALU—A - RONDA DEL TAMARGUILLO,MF5
51,6,157,GLORIETA MANUEL RIVAS TRUJILLO (NAVARRA - CATALU—A - MEJILLON - MELILLA),MF5
22,4,158,DOCTOR FEDRIANI - HUERTA DE LA FONTANILLA - CEMENTERIO (DR.FEDRIANI-CEMENTERIO),DYNAMIC_T3
7,11,159,AVENIDA MANUEL SIUROT - GENARO PARLADE,MF5
10,28,160,PP. AVENIDA DE LA BUHAIRA - ACCESO JARDINES DE LA BUHAIRA,MF5
9,8,161,PAULO OROSIO - CARLOS GARCIA OVIEDO,RTAC
20,1,162,AVENIDA DE [TALIA - AVENIDA DE JEREZ - ELCHE (N.IV-PINEDA-ACC. BDA. ELCANO),MF5
7,5,163,AVENIDA DE LA PALMERA - CHAVES REY,MF5
9,9,164,PAULO OROSIO - BEATRIZ DE AHUMADA - DOCTOR SERRANO PEREZ ,MTR/2
12,3,165,PP. AVENIDA PINO MONTANO - CONSTANTINA - FAURA,MFU
12,6,166,AVENIDA PINO MONTANO - ROQUE BALDUQUE - ANTONIO CABRAL BEJARANO,MFU
10,5,167,AVENIDA EDUARDO DATO - VIRGEN DE VALVANERA,MTR/2
17,4,168,AVENIDA DE BELLAVISTA - GASPAR CALDERAS - ASENSIO Y TOLEDO - CAMINO DE LA ERMITA DE LA V.DE VALME ,DYNAMIC
11,24,169,SAMANIEGO - IMAGINERO LUIS ALVAREZ DUARTE - SAN PAGES,DYNAMIC
8,5,170,RONDA DEL TAMARGUILLO - AVENIDA DE LA PAZ,MF
8,4,171,AVENIDA DE LA PAZ - NTRA. SRA. DE LAS MERCEDES - AMORES Y AMORIOS,SENTINEL
51,21,172,PP. CARRETERA DE BRENES - SAN CAYETANO - SE-112 (PP. CARRETERA BRENES (A8008)),DYNAMIC
50,29,173,AVENIDA DO√ëA FRANCISQUITA - SIMON BOLIVAR - LOS CLAVELES,MFU
9,14,174,AVENIDA ALCALDE JUAN FERNANDEZ - CLAUDIO GUERIN,SENTINEL
52,32,175,AVENIDA DE LA CRUZ DEL CAMPO - ALEJANDRO COLLANTES,DYNAMIC
9,13,176,AVENIDA ALCALDE JUAN FERNANDEZ - ALBERCHE,SENTINEL
9,11,177,AVENIDA   CIUDAD   JARDIN,MTR/2
10,17,178,AVENIDA DE LA CRUZ DEL CAMPO,MTR/2
14,8,179,TESALONICA - DAMASCO - JERUSALEN - LUIS MAZZANTINI,MFU
50,23,180,PP. AVENIDA DE JEREZ - MALLORCA,MF5
11,2,181,CARRETERA CARMONA - LOPEZ DE LEGAZPI - SANTA MARIA DE LEZAMA,MFU
1,10,182,ARROYO - SALESIANOS - URQUIZA,SENTINEL
2,10,183,AVENIDA SANCHEZ PIZIUAN - DIAMANTE,DYNAMIC
52,31,184,PP.SU EMINENCIA - ACCESO PARQUE GUADAIRA,RTAC
11,13,185,AVENIDA KANSAS CITY - TESALONICA - AVENIDA VEINTIOCHO DE FEBRERO,MFU
23,5,186,CORTIJO DE LAS CASILLAS - ESPARTEROS,DYNAMIC_T3
23,6 ,187,CORTIJO DE LAS CASILLAS - CAMINO DE LOS TOROS,DYNAMIC
10,20,188,AVENIDA LUIS DE MORALES - LUIS ARENAS LADISLAO,DYNAMIC
8,9,189,AVENIDA DE LA PAZ - ACCESO POLIGONO NAVISA - TORRE DE DAVID,DYNAMIC
8,21,190,FELIPE II - JES⁄S DE LA VICTORIA,MTR/2
15,11,191,SECOYA - ALGODONERA - NUCLEO INDUSTRIAL VIRGEN DE LOS REYES,DYNAMIC
10,22,192,AVENIDA LUIS MONTOTO - SAN BENITO - MANUEL HALCON,MF
2,13,193,DOCTOR FEDRIANI - MANZANA,DYNAMIC_T3
51,11,194,MEDINA Y GALNARES - MIGUEL ROMERO MARTINEZ - CAZON - ALMIRANTE VALDES,MF5
7,13,195,AVENIDA MANUEL SIUROT - DOMINGO TEJERA,MF5
10,3,196,AVENIDA EDUARDO DATO - SAN JUAN DE DIOS - JOSE LUIS DE CASSO,DYNAMIC
9,1,197,AVENIDA RAMON Y CAJAL - AVION CUATRO VIENTOS - ENRAMADILLA,DYNAMIC
12,21,198,AVENIDA SAN JUAN DE LA SALLE - CISNEO ALTO - FAURA - ROMERO,MFU
11,4,199,AVENIDA MIRAFLORES - ALMADEN DE LA PLATA - GENERAL MARVA,MFU
13,8,200,AVENIDA DE LOS GAVILANES - AVENIDA DO—A FRANCISQUITA - PUERTO DE PIEDRAFITA,RTAC
15,16,201,CIUDAD DE CHIVA - CIUDAD DE LIRIA - TURIA,DYNAMIC
15,17,202,CIUDAD DE CHIVA - AVENIDA DE ILDEFONSO MARA—ON LAVIN,RTAC
1,9,203,PLAZA DE ANTONIO MARTELO - ARROYO - SAN JUAN BOSCO,MTR/2
9,18,204,VILLEGAS MARMOLEJOS - SANTA MARIA MAZZARELLO,MTR/2
8,10,205,RONDA NUESTRA SE—ORA DE LA OLIVA - AVENIDA DE LAS LETANIAS,DYNAMIC
4,17,206,REPUBLICA ARGENTINA - VIRGEN DE AFRICA - VIRGEN DE FATIMA,DYNAMIC
21,14,207,AVENIDA DE LA BORBOLLA - LAS CRUZADAS,SENTINEL
21,15,208,PP. AVENIDA DE LA BORBOLLA - CUARTEL DE INGENIEROS,SENTINEL
3,22,209,TORNEO - PUERTA DE SAN JUAN DE ACRE (ANTIGUA GUADALQUIVIR),SENTINEL
2,21,210,SAN JER”NIMO - TRAVIESA,DYNAMIC
1,19,211,PLAZA SAN PEDRO - PLAZA CRISTO DE BURGOS - IMAGEN - ALMIRANTE APODACA,DYNAMIC
1,16,213,ARROYO - JOSE LAGUILLO,SENTINEL
11,23,214,ARROYO - FRANCISCO ARI—O - SAMANIEGO,MFU
1,17,215,PU—ONROSTRO - VALLE - JAUREGUI - PUERTA DEL OSARIO,DYNAMIC
12,2,216,AVENIDA MIRAFLORES - SANTA M. ORDAZ - MARGARITA - CONDE DE HALCON - ALHELI - SANTA M. DE LOS REYES,MFU
4,1,217,PASEO COLON - DOS DE MAYO,MF4/2
14,4,218,AVENIDA MONTES SIERRA - UTRERA DE MOLINA - ADA - TESALONICA,MFU
11,3,219,CARRETERA CARMONA,MFU
9,15,220,AVENIDA SAN FRANCISCO JAVIER - SANTA JOAQUINA DE VEDRUNA - CAMILO JOSE CELA,DYNAMIC
50,22,221,CARRETERA SU EMINENCIA - LUIS ORTIZ MU—OZ - POLIGONO SUR,MF5
13,3,222,AVENIDA  HYTASA - JOSE MARIA DE PEREDA   - PEDRO MU—OZ TORRES,MFU
54,2,223,AVENIDA CONSTITUCION - SANTO TOMAS,MG
54,1,224,AVENIDA CONSTITUCION - ALEMANES,MG
4,8,225,PASEODELAS DELICIAS - LA RABIDA,SENTINEL
50,15,226,PLAZA DEL DUQUE - CAMPANA - AMOR DE DIOS - JAVIER LASSO DE LA VEGA - TARIFA,MF5
50,16,227,PLAZA DE VILLASIS VILLA - LARANA - ORFILA - CUNA,MF5
8,26,228,PP. AVENIDA RAMON CARANDE - PEDRO SALINAS,DYNAMIC
52,5,229,AVENIDA DE LA RAZA - PROFESOR GARCIA GONZALEZ,RTAC
5,10,230,PAGES DEL CORRO - SAN VICENTE DE PAUL - PURU—UELA - CLARA DE JESUS MONTERO,MTR/2
8,14,231,ALMIRANTE TOPETE - ESTEPA - CONCEPCION ARENAL,MTR/2
9,10,232,AVENIDA SAN JUAN DE LA CRUZ - CARLOS GARCIA OVIEDO,MTR/2
14,5,233,EFESO-TARSO- ADA-JERUSALEN,MFU
21,6,234,EDUARDO DATO - JIMENEZ ARANDA,DYNAMIC
1,23,235,JOSE LAGUILLO - LOPE DE VEGA,SENTINEL
2,20,236,AVENIDA LA BARZOLA - PUEBLO PALESTINO - SANCHO DAVILA,DYNAMIC_T3
14,14,237,AMOR-COLEGIO AMATE,MFU
50,24,238,PP. AVENIDA DE JEREZ - JAZMIN,MF5
3,12,239,MIRAFLORES - S.J. BOSCO,DYNAMIC
12,9,240,AVENIDA PINO MONTANO - ORFEBRE DOMINGUEZ VAZQUEZ - ROMERO,DYNAMIC_T3
10,1,241,AVENIDA LUIS MONTOTO - MAESE FARFAN,MF
7,16,242,AVENIDA DE LA RAZA - PAEZ DE RIVERA,MF5
7,15,243,AVENIDA MANUEL SIUROT - RAFAEL SALGADO,MF5
9,19,244,AVENIDA DIEGO MARTINEZ BARRIOS - AVION CUATRO VIENTOS,SENTINEL
9,20,245,AVENIDA DIEGO MARTINEZ BARRIOS - JOSE SARAMAGO - ANGEL GELAN,MTR/4
20,2,246,GLORIETA DE LETONIA - AVENIDA DE JEREZ - AVENIDA DE ALEMANIA - HOSPITAL MILITAR,MF5
2,15,247,P.P. CARDENAL ILUNDAIN,SENTINEL
12,7,248,AVENIDA PINO MONTANO - ESTAFETA - PROFESOR TIERNO GALVAN,DYNAMIC_T3
14,6,249,EFESO - AVENIDA DE LA SOLEA - DOCTOR   LAFFON SOTO,MFU
11,20,250,THARSIS - ANDRES SEGOVIA - CARMEN MARTINEZ SANCHO,MFU
14,10,251,AVENIDA MONTES SIERRA - AVENIDA SANTA CLARA DE CUBA - RAFAEL BECA MATEOS,MFU
14,9,252,AVENIDA SANTA CLARA DE CUBA - DAMASCO - ANTIOQUIA,MFU
14,7,253,DOCTOR LAFFON SOTO - TESALONICA - AVENIDA DE PEORO ROMERO,MFU
11,10,254,MACEDONIA-AVENIDA VILLAS DE CUBA,MFU
21,13,255,PP. AVENIDA DE PORTUGAL - GRAN CAPITAN,SENTINEL
5,8,256,ESPERANZA DE TRIANA - EVANGELISTA,MTR/2
15,3,257,AVENIDA ALCALDE LUIS URU—UELA - ACCESO CARREFOUR SAN PABLO,DYNAMIC_T3
15,29,258,GLORIETA PALACIO DE CONGRESOS - AVENIDA ALCALDE LUIS URU—UELA,MF5
12,17,259,AVENIDA DE LA MUJER TRABAJADORA - AVENIDA DE LAS ASOCIACIONES    DE VECINOS,MFU
11,21,260,ARROYO - THARSIS - VICENTE ALANIS,MFU
7,20,261,AVENIDA REINA MERCEDES - TRAMONTANA - PROFESOR GARCIA GONZALEZ,MF5
13,2,262,CARRETERA SU EMINENCIA - ACCESO INDUYCO - PARQUE EMPRESARIAL EL REFUGIO,MFU
10,24,263,MARQUES DE PICKMAN - MARIANO BENLLIURE - ARZOBISPO SALCEDO,DYNAMIC_T3
51,20,264, CARRETERA DE BRENES - CARRETERA DE MIRAFLORES - VEREDA POCO ACEITE (CTRA-SE-112-VALDEZORRAS),MF5
14,2,265,CLEMENTE HIDALGO - ALEJANDRO COLLANTES (R.TAMARGUILLO - ALEJANDRO COLLANTES),MFU
8,6,266,RONDA DEL TAMARGUILLO - ALCAMPO - PIEL DE TORO,DYNAMIC
22,3,267,GLORIETA DE SAN LAZARO,MF
23,1,268, RONDA URBANA NORTE - AVENIDA PINO MONTANO - CORTIJO DE LAS CASILLAS - CORRAL DE LA CARIDAD,DYNAMIC
23,2,269,RONDA URBANA NORTE - POLIGONO STORE - CARRETERA MIRAFLORES,MFU
23,4,270,RONDA URBANA NORTE - POLIGONO CALONGE - METALURGIA,MFU
11,14,271,AVENIDA KANSAS CITY - EFESO - AVENIDA ALCALDE MANUEL DEL VALLE,MFU
8,27,272,AVENIDA DE RAMON CARANDE - SAN SALVADOR,DYNAMIC
11,16,273,AVENIDA ALCALDE MANUEL DEL VALLE - HESPERIDES - PUEBLO SAHARAUI,DYNAMIC
11,17,274,AVENIDA ALCALDE MANUEL DEL VALLE - BALTASAR DE ALCAZAR - THARSIS,MFU
11,18,275,AVENIDA ALCALDE MANUEL DEL VALLE - RAFAEL GONZALEZ ROMERO - AVENIDA DE LLANES,MFU
11,5,276,CARRETERA CARMONA - AVENIDA ALCALDE MANUEL DEL VALLE,MFU
15,28,277,PP. AVENIDA ALCALDE LUIS URU—UELA - PALACIO DE CONGRESOS - HOTEL SEVILLA CONGRESOS,SENTINEL
14,15,278,CARLOS MARX - AVENIDA PARQUE AMATE - AMOR,DYNAMIC
7,10,279,AVENIDA   MANUEL SIUROT - CARDENAL BUENO MONREAL,MF5
7,7,280,AVENIDA DE LA PALMERA - CARDENAL BUENO MONREAL,MF5
7,19,281,AVENIDA DE LA RAZA - CARDENAL BUENO MONREAL - PUENTE DE LAS DELICIAS,MF5
15,1,282,SE 30- AVENIDA MONTES   SIERRA - AVENIDA ALCALDE LUIS URU—UELA,DYNAMIC
11,19,283,AVENIDA ALCALDE MANUEL DEL VALLE - GRUPO LAS NACIONES - ARQUITECTO JOSE GOMEZ MILLAN - GUADAJOZ,DYNAMIC
12,20,284,AVENIDA ALCALDE MANUEL DEL VALLE - ALEJANDRO SAWA,MFU
12,19,285, ALCALDE MANUEL DEL VALLE - AVENIDA SAN JUAN DE LA SALLE - AVENIDA DE LA MUJER,MFU
12,5,286,AVENIDA ALCALDE MANUEL DEL VALLE - AVENIDA PINO MONTANO,DYNAMIC_T3
12,13,287,AVENIDA ALCALDE MANUEL DEL VALLE - ESTRELLA ORIENTE - DIEGO PESQUERA,DYNAMIC_T3
11,11,288,GLORIETA FUERTE NAVIDAD - AVENIDA KANSAS CITY - AVENIDA VILLAS DE CUBA - CONDE OSBORNE,MFU
11,15,289,CARRETERA CARMONA - AVENIDA DE LLANES - RAFAEL ALBERTI - TORMES,MF
50,18,290,PAGES DEL CORRO - PARAISO - GENOVA - TROYA - ARDILLA,MF5
6,20,291,PP. AVENIDA JUAN PABLO II- BARBERAN Y COLLAR,MF5
3,5,292,TORNEO - SAN LAUREANO,DYNAMIC
3,4,293,TORNEO - PROLONGACION MARQUES DE PARADAS,DYNAMIC
10,11,294,AVENIDA KANSAS CITY - ESTACION SANTA JUSTA,DYNAMIC_T3
10,10,295,AVENIDA KANSAS CITY - JOSE LAGUILLO,MF
3,2,296,TORNEO - JUAN RABADAN,DYNAMIC
5,12,297,RONDA DE TRIANA - SAN VICENTE DE PAUL - JUAN DE PINEDA,MTR/3
51,30,298,GLORIETADELA MINERALOGIA - RONDA DEL TAMARGUILLO,RTAC
51,32 ,299,RONDA DEL TAMARGUILLO - CALLE DE SAN FERNANDO         (MADERAS LA FORESTAL),DYNAMIC_T3
51,17,300,AGRICULTORES - SEMBRADORES - ESTRELLA ANTARES,MF5
51,10,301,MEDINA Y GALNARES - CALAMAR - MERO - ACCESO F.A.S.A. RENAULT,MF5
10,9,302,AVENIDADELA BUHAIRA - PABLO PICASSO - SANTA JUANA JUGAN,DYNAMIC
10,8,303,AVENIDA LUIS MONTOTO - AVENIDA DE LA BUHAIRA,MF
10,6,304,AVENIDA EDUARDO      DATO - AVENIDA BUHAIRA,DYNAMIC
50,10,305,RONDA DE LA NEGRILLA - CHUCENA - SAN JOSE DE PALMETE,MF5
3,1,306,TORNEO - NARCISO BONAPLATA,MTR/2
3,20,307,RONDA TRIANA - AVDA. EXPO 92 - GONZALO JIMENEZ DE QUESADA,MF
3,21,308,GLORIETA DE LOS DESCUBRIMIENTOS - CARRETERA HUELVA - CARLOS III - ODIEL,MF
3,7,309,ARJONA - ALBUERA,MF
22,1,310,GLORIETA OLIMPICA,DYNAMIC_T3
12,18,311,AVENIDA DE LA MUJER TRABAJADORA - FAMILIAS CUIDADORAS - BARRIADA SAN DIEGO,MFU
2,4,312,AVENIDA CONCEJAL ALBERTO JIMENEZ BECERRIL - JOSE DIAZ,DYNAMIC
21,21,313,RAMON CARANDE - DR. PEDRO CASTRO - MIGUEL RODRIGUEZ PI—ERO,SENTINEL
54,7,314,ENRAMADILLA - AVENIDA DE LA BUHAIRA,MG
50,11,315,RONDA DE LA NEGRILLA - LEPE - GALAROZA,DYNAMIC
1,14,316,AVENIDA LUIS MONTOTO - JUAN ANTONIO CAVESTANY - JOSE MARIA MORENO GALVAN,MF
54,6,317,JUAN DE MATA CARRIAZO - ENRAMADILLA - AVENIDA DE LA BORBOLLA - CARLOS V,MG
21,5,318,JUAN DE MATA CARRIAZO - EDUARDO DATO,SENTINEL
21,7,319,JUAN DE MATA CARRIAZO - AVENIDA DE MALAGA - PERIODISTA EMILIO SEGURA,SENTINEL
6,9,320,AVENIDA JUAN PABLO II - ALFONSO DE ORLEANS,SENTINEL
15,2,321,AVENIDA ALCALDE LUIS URU—UELA - LUIS FUENTES BEJARANO,SENTINEL
15,5,322,AVENIDA  DE LAS CIENCIAS - AVENIDA ALCALDE LUIS URU—UELA - AVENIDA REPUBLICA CHINA - URBANO ORAD,DYNAMIC_T3
15,6,323,AVENIDA DE LAS CIENCIAS - AVENIDA EMILIO LEMOS,SENTINEL
15,7,324,AVENIDA DE LAS CIENCIAS - MEDICOS SIN FRONTERAS - DEMOFILO,RMY
15,8,325,AVENIDA DE LAS CIENCIAS - FLOR DE GITANILLA - ULISES,RMY
15,9,326,AVENIDA DELAS CIENCIAS - CARLINGA - PRIMO NEBIOLO - FLORA TRISTAN - DR. MIGUEL RIOS SARMIENTO,DYNAMIC
14,13,327,AVENIDA DE ANDALUCIA - AMOR,MFU
14,12,328,AVENIDADE ANDALUCIA- AVENIDA PARQUE AMATE - COMERCIO,MFU
1,21,329,GLORIETA DE JULIAN BESTEIRO - JUAN ANTONIO.CAVESTANY - JOSE LAGUILLO - AVENIDA PABLO IGLESIAS,SENTINEL
1,11,330,JOSE LAGUILLO - AMADOR DE LOS RIOS - PEREZ HERVAS,DYNAMIC
52,30,331,DOCTOR MIGUEL RIOS SARMIENTO - SALIDA FIBES,RTAC
51,26,332,SUPER NORTE - CORTIJO DE LAS CASILLAS,DYNAMIC_T3
1,22,333,AVENIDA PABLO IGLESIAS - URQUIZA - SAN JUAN BOSCO,MF4/10
22,2,334,PP. JUVENTUDES MUSICALES - CAMINO DEL ALMEZ,SENTINEL
8,11,335,AVENIDA ALFONSO LASSO DE LA VEGA - AVENIDA POETA MANUEL BENITEZ CARRASCO,RTAC
8,13,336,AVENIDA ALFONSO LASSO DE LA VEGA - ALMIRANTE TOPETE,SENTINEL
8,12,337,LUCA DE TENA - POETA M. BENITEZ CARRASCO - VICTORIA DOMINGUEZ CERRATO - PARROCO A. GONZALEZ ABATO,MF
8,15,338,TORCUATO LUCA DE TENA - CASTILLO SA√ëOS DE LA ENCINA - LUIS ROSALES,DYNAMIC
8,16,339,CARDENAL ILUNDAIN - ANTONIO MAURA MONTANER - AVENIDA ALFONSO LASSO DE LA VEGA,DYNAMIC
8,17,340,CARDENAL ILUNDAIN - TABLADILLA,DYNAMIC
20,3,341,AVENIDA DE JEREZ - AVENIDA DE FINLANDIA - ACCESO FREMAP - ACCESO HOSPITAL MILITAR,MF5
15,4,342,AVENIDA MONTES SIERRA - DON JUAN,RTAC
3,24,343,RONDA TRIANA - TEJARES - NICULOSO PISANO,MTR/2
3,23,344,RONDA TRIANA- ALFARERIA - RAFAEL BELMONTE GARCIA,SENTINEL
50,9,345,RONDA DE LA NEGRILLA RONDA DE LA DOCTORA,MF5
51,7,346,GLORIETA DE LOS FERROVIARIOS - MEDINA Y GALNARES - NAVARRA - AVENIDA SAN JER”NIMO - DOCTOR      FEDRIANI,MF5
3,25,347,RONDA TRIANA - MANUEL ARELLANO,DYNAMIC_T3
13,15,348,GLORIETA AMANTINA   COBOS - AVENIDA DE LA PLATA - RAFAEL DE LEON - RONDA PADRE PIO - VALENTINA PINELO,MFU
51,16,349,AGRICULTORES - CAMINO DE LOS TOROS - MAR DE ALBORAN,DYNAMIC_T3
8,18,350,CARDENAL BUENO MONREAL - AV. RAMON CARANDE - C/ JUAN DE LA COSA,SENTINEL
7,25,351,CARDENAL BUENO MONREAL - VALPARAISO,MF5
51,19,352,RONDA SUPER NORTE - CARRETERA DE MIRAFLORES (R.SUPER NORTE-ACC.VALDEZORRAS),MF5
23,3,353,RONDA URBANA   NORTE - NUEVO POLIGONO CALONGE - ESPATULA - AZOGUE,MFU
16,3,354,AVENIDA CARLOS II - GREGOR MENDEL,SENTINEL
14,19,355,AVENIDA DE ANDALUCIA - MANUEL VELASCO PANDO,MFU
9,22,356,PP. RONDA PEL TAMARGUILLO - EDUCACION Y CIENCIA,MF
14,24,357,AMOR - SATSUMA - CA—ADUL,MFU
14,22,358,AVENIDA DE PEDRO ROMERO - FRASCUELO,MFU
11,12,359,METALURGIA - ESTA—O - BRONCE - TERBIO,RTAC
13,21,360,PP. AVENIDA HYTASA - POLIDEPORTIVO HYTASA - ALVAREZ BENAVIDES,MFU
7,26,361,CARDENAL BUENO MONREAL - ANTONIO MAURA MONTANER - BOGOTA,MF5
22,5,362,AVENIDAJOSE GALAN MERINO - EUCALIPTO - CAMINO VIEJO DE LA ALGABA,DYNAMIC
51,2,363,PP. AVENIDA JOSE GALAN MERINO - CANTINA,DYNAMIC
51,3,364,AVENIDA JOSE GALAN MERINO - ALCALA DEL RIO,DYNAMIC
51,4,365,AVENIDA JOSE GALAN MERINO - LARACHE,DYNAMIC
51,22,366,AVENIDA JOSE GALAN MERINO - CARRETERA DE LA ALGABA - NAVARRA - PEZ ESPADA,DYNAMIC
16,1,367,AVENIDA CARLOS IIl - FRANCISCO DE MONTESINOS,DYNAMIC
16,2,368,AVENIDA CARLOS III - ACCESO G.M.U.,DYNAMIC
15,15,369,AVENIDA DE SENECA - CIUDAD DE LIRIA,DYNAMIC_T3
10,4,370,AVENIDA LUIS MONTOTO - ALBERTO DURERO,MF
16,5,371,AVENIDA CARLOS II - HERMANOS DELUYAR,MF
51,14,372,CORRAL DEL AGUA - CORRAL DE LOS OLMOS - PARQUE DE DO—ANA,DYNAMIC_T3
8,19,373,CARDENAL BUENO MONREAL - PEDRO SALINAS - COLLAULT VALERA,SENTINEL
11,27,374,AVENIDA LLANES - AMALIA TORRIJOS - NAVIA,MFU
11,28,375,AVENIDA LLANES - ESCULTOR FRANCISCO BUIZA - SANTA MARIA DE LAS ROCINAS,MFU
16,9,376,AMERICO VESPUCIO - GREGOR MENDEL,RMY
18,9,377,AMERICO VESPUCIO - FRANCISCO MONTESINOS - INCA GARCILASO,RMY
16,10,378,PUENTE DE LA BARQUETA - MATEMATICOS REY PASTOR Y CASTRO - JOSE DE GALVEZ,DYNAMIC
51,13,379,CORRAL DEL AGUA - CAMINO DE LOS TOROS - ESTRELLA CANOPUS,SENTINEL
15,14,380,AVENIDADE SENECA - CIUDAD DE ALFAFAR,RTAC
15,12,381,SECOYA - CIUDAD DE CHIVA - POLIGONO INDUSTRIAL AUTOPISTA,DYNAMIC
12,12,382,GLORIETA BERROCAL - AVENIDA ALCALDE MANUEL DEL VALLE - PARQUE DE DO—ANA - RONDA DEL TAMARGUILLO,DYNAMIC_T3
15,10,383,|AVENIDADE LA AERONAUTICA - AVENIDA DEL DEPORTE,DYNAMIC
4,11,384,PP PASEODELAS DELICIAS - PARQUE DE MARIA LUISA,SENTINEL
16,4,385,AVENIDA CARLOS III - MARIE CURIE,DYNAMIC
50,19,386,PP AVENIDA PRESIDENTE ADOLFO SUAREZ - VIRGEN DE LA CINTA (PP CARRERO BLANCO-CIRCULO MERCANTIL,MF5
6,13,387,VIRGEN DE LUJAN-PADRE DAMIAN,DYNAMIC
2,23,388,AVENIDA LA BARZOLA - CONSTANTINA,DYNAMIC_T3
21,22,389,DR. PEDRO CASTRO - FERNANDO VILLALON,SENTINEL
7,29,390,IFNI- CHILE - AVENIDA DE GRECIA,MF5
4,11,391,AVENIDA LA BARZOLA - COMUNIDAD EXTREME—A - CAMINO DE CANTALOBOS,DYNAMIC_T3
15,18,392,AVENIDA REPUBLICA CHINA- BIRMANIA,SENTINEL
15,19,393,AVENIDA EMILIO LEMOS - BIRMANIA - MEDICOS MUNDI,RTAC
4,10,394,PP PASEO DE LAS DELICIAS - PABELLON     DE GUATEMALA,SENTINEL
1,28,395,PP AV JOSE LAGUILLO - PARADA BUS SANTA JUSTA,SENTINEL
12,24,396,REAL DE LA JARA - COMUNIDAD EXTREME—A - COMUNIDAD VALENCIANA - CAZALLA DE LA SIERRA,DYNAMIC_T3
16,8,397,AMERICO VESPUCIO - LEONARDO DA VINCI,MF
16,11,398,CAMINO DE LOS DESCUBRIMIENTOS - MARIE CURIE - MATEMATICOS REY PASTOR Y CASTRO,RTAC
9,27,399,RONDA DEL TAMARGUILLO - ALBERCHE,MF
9,24,400, PLAZA DE ANTONIO APARICIO HERRERO - MARQUES DE NERVION - JUAN DE PADILLA - VILLEGAS Y MARMOLEJO,DYNAMIC
9,25,401,TARRAGONA - JUAN DE LEDESMA,DYNAMIC
13,16,402,AVENIDA DO—A FRANCISQUITA - AVENIDA DE LA CALESERA,MFU
12,14,403,AVENIDA LA BARZOLA - CAZALLA DE LA SIERRA,DYNAMIC_T3
51,12,404,ESTRELLA BETELGUEUSE - ESTRELLA CANOPUS,DYNAMIC
51,15,405,MAR DE ALBORAN - CORRAL DE LOS OLMOS - PARQUE DE LOS ALCORNOCALES,DYNAMIC_T3
11,25,406,AVENIDA PEDRO ROMERO - ANTIOQUIA - AVENIDA VILLAS DE CUBA - CARABELA LA PINTA,MFU
15,20,407,ALMENDRALEJO - TURIA - ASTRONOMO JOSE LUIS COMELLAS,DYNAMIC_T3
7,28,408,IFNI- DOCTOR FLEMING - IGUAZU - AVENIDA DE HOLANDA,MF5
21,23,409, AVENIDA DE LA BUHAIRA - JM RECUERDA RUBIO - CAMILO JOSE CELA - CAMPOAMOR TORERO MANOLO VAZQUEZ,MF
52,15,410,AVENIDA DE SENECA - ILDEFONSO MARA—ON LAVIN,DYNAMIC
50,13,411,LEON XIII - JORGE DE MONTEMAYOR,MF5
15,22,412,DOCTOR MIGUEL RIOS SARMIENTO - URBANO ORAD,RTAC
9,28,413,PUERTO DEL ESCUDO - PUERTO DE LOS ALAZORES - PAULO OROSIO,RTAC
15,23,414,DOCTOR MIGUEL RIOS SARMIENTO - INSTITUTO 5∫ CENTENARIO,SENTINEL
15,24,415,DOCTOR MIGUEL RIOS SARMIENTO - DEMOFILO,SENTINEL
16,6,416,LEONARDO DA VINCI - MARIE CURIE,RTAC
52,28,417,AVENIDA'DE LA INDUSTRIA - AVENIDA DEL TRANSPORTE,RTAC
52,25,418,RAFAEL BECA MATEOS - COMERCIO,MFU
,,419,R.PI—EIRO - PIROTECNIA,SENTINEL
20,4,420,AVENIDA DE GRECIA - AVENIDA DE FRANCIA,MF5
20,6,421,AVENIDA DE REINO UNIDO - NUESTRA SE√ëORA DEL PILAR,MF5
50,8,422,SINCERIDAD - SAN JOSE DE PALMETE - AFAN - IMPRENTA - PLEGADORA,MF5
50,7,423,HONESTIDAD - COMPASION - SAN JOSE DE PALMETE - LAMINADORA - PINO SIBERIA,MF5
50,21,424,PP. AVENIDA LAS LETANIAS - REINA DE LOS ANGELES,SENTINEL
51,18,425,PP. PROFESOR TIERNO GALVAN(PP BDA. LAS ALMENAS-BDA. LOS ARCOS),MF5
13,17,426,RONDA PADRE PIO - LA PUEBLA DEL RIO,MFU
2,25,427,PP. ALBERTO JIMENEZ BECERRIL - MAIMONIDES,MF4/2
14,25,428,AVENIDA SAN JUAN DE LA CRUZ - JULIAN DE AVILA - AVENIDA JUAN XXIII - LUISA DE LA CERDA,MFU
7,27,429,AVENIDA DE GRECIA - AVENIDA DE ITALIA,SENTINEL
13,18,430,AVENIDA DE LA CALESERA - AVENIDA DE LA MONTERIA,MFU
8,20,431,RONDA DE NUESTRA SE—ORA DE LA OLIVA  MADRE DE CRISTO (RONDA DE LA OLIVA - LUIS ORTIZ MU—OZ),DYNAMIC
52,24,432,AVENIDA DEL DEPORTE - ACCESO TORREBLANCA - AVENIDA DE PERO MINGO,DYNAMIC_T3
10,7,433,AVENIDA LUIS DE MORALES - ACCESO PARKING EL CORTE INGLES,MF4/4
15,26,434,PP. AVENIDA DE LA AERONAUTICA- ANDALUCIA RESIDENCIAL - EDIFICIO HELIOS,SENTINEL
15,27,435,PP. AVENIDA DE LAS CIENCIAS - FLORDE AZALEA,RTAC
11,26,436,PP. BALTASAR ALCAZAR - SANCHEZ SAMANIEGO,MFU
12,23,437,AVENIDA DE LAS ASOCIACIONES DE VECINOS - AJIMEZ - OJIVA,MFU
50,30,438,JUAN DE LEDESMA - LISBOA,MF
14,26,439,PP. ADA - ACCESO MERCADONA,MFU
16,7,440,PASARELA DE LA CARTUJA - CAMINO DE LOS DESCUBRIMIENTOS,RTAC
51,29,441,GLORIETA OCEANOGRAFIA - AVENIDA DE LA INGENIERIA - AVENIDA DE LA ASTRONOMIA - ESTRELLA BETELGUEUSE,RTAC
50,27,442,AVENIDA DE LA ASTRONOMIA - GEOLOGIA - QUIMICA,RTAC
17,8,443,AVENIDA DE JEREZ - ACCESO POLIGONO INDUSTRIAL PINEDA - EXPOLOCAL,MF
17,1,444,PP. AVENIDA DE JEREZ - ZEUS,DYNAMIC
17,2,445,ROTONDA REAL VENTA DE ANTEQUERA - AVENIDA DE JEREZ - AVENIDA DE BELLAVISTA - JARDINES DE LA ALHAMBRA,MF
17,3,446,PP. AVENIDA DE BELLAVISTA - ALONSO SANCHEZ DE HUELVA - EDUARDO MIURA - MALLORCA - SALAMANCA,SENTINEL
17,5,447,PP. AVENIDA DE BELLAVISTA - TORRES FARFAN - AGUJAS - MARTE - BA—ER DE SALCEDO,DYNAMIC
17,6,448,AVENIDA BELLAVISTA - ALVAR NEGRO - ENAMORADO - ESPEJO  - CARRETERA N-IV,MF
10,25,449,LUIS MONTOTO - HERNANDO DEL PULGAR,RTAC
9,23,450,COMPOSITOR MANUEL CASTILLO - PRESIDENTE CARDENAS - PIROTECNIA,MF
13,19,451,PP. AGUILA PERDICERA - AGUILA DE ORO,RTAC
1,24,452,SAN JUAN BOSCO - ESPERANZA DE LA TRINIDAD,MF
1,25,453,SAN JUAN BOSCO - CARRETERA CARMONA,DYNAMIC
19,11,454,AVENIDA DEL DEPORTE - MEDICOS SIN FRONTERAS - MEDICOS MUNDI - AVENIDA EMILIO LEMOS,RTAC
50,6,455,TORRELAGUNA - MARINALEDA - AVENIDA DE PERO MINGO - TORRES ALBAS,MF5
50,12,456,PASO BICI N IV - ANTIGUO CUARTEL CABALLERIA,SENTINEL
19,1,457,AVENIDA EMILIO LEMOS - INDONESIA - PERIODISTA EDUARDO CHINARRO DIAZ,DYNAMIC
19,4,458,AVENIDA DEL DEPORTE - DOCTOR MADRAZO OSUNA,RTAC
50,4,459,CARRETERA SU EMINENCIA - CASTILLO DE MARCHENILLA - JANDULA,MF5
1,27,460,JUAN ANTONIO CAVESTANY - JUPITER,MF
50,26,461,TRABAJADORES INMIGRANTES - PUEBLO PALESTINO,DYNAMIC_T3
7,17,462,PAEZ DE RIVERA - SOR GREGORIA DE SANTA TERESA,MF5
20,9,463,AVENIDA DE REINO UNIDO - ALEMANIA - POLONIA,MF5
20,7,464,AVENIDA DE FRANCIA - GOLETA - FRAGATA - NUESTRA SE—ORA DEL PILAR - PASEO DE EUROPA,RTAC
20,8,465,AVENIDA DE ALEMANIA - SUECIA - PASEO DE EUROPA,MF5
50,25,466,SINAI - BALTASAR GRACIAN - HERNANDO DEL PULGAR,MF5
50,31,467,AVENIDA DE LAS ASOCIACIONES DE VECINOS - LAS DALIAS - ACCESO POLIGONO STORE,RTAC
9,21,468,AVENIDA ALCALDE JUAN FERNANDEZ - ALHAMBRA - PROFESOR BUENAVENTURA PINILLOS,MF
2,26,469,MU—OZ LEON - SANCHEZ PERRIER,SENTINEL
1,26,470,MARIAçAUXILIADORA - SALESIANOS,MF5/4
51,27,471,AGRICULTORES - ESTRELLA BETELGUEUSE,RTAC
52,17,472,AVENIDA DE LA PRENSA - COMERCIO - NUEVAS PROFESIONES,RTAC
14,21,473,CODORNIZ - ALONDRA - GALAXIA,MFU
10,23,474,AVENIDA DE LA CRUZ DEL CAMPO - RICO CEJUDO,MF
52,1,475,AVENIDA DE SENECA - EMILIA BARRAL,MF5
52,27,476,AVENIDA DEL. DEPORTE - CARLINGA - PRIMO NEBIOLO,RTAC
17,7,477,AVENIDA BELLAVISTA - GALATEA - CIBELES - PALOMA - CARRETERA N-IV,MF
52,2,478,PP. AV. DE LAS CIENCIAS - FLOR DE SALVIA,RTAC
4,9,479,PALOS DE LA FRONTERA - LA RABIDA,MF
52,3,480,ROTONDA ACCESO TORREBLANCA - AVENIDA PERO MINGO,DYNAMIC
19,2,481,AVENIDA EMILIO LEMOS - INDIA - PERIODISTA JUAN TRIBUNA,RTAC
19,3,482,AVENIDA EMILIO LEMOS - TAIWAN - CAPELLAN LEONARDO DEL CASTILLO,RTAC
19,5,483,PERIODISTA EDUARDO CHINARRO DIAZ - PROFESOR FAUSTINO GUTIERREZ ALVIZ,RTAC
19,6,484,PROFESOR FAUSTINO GUTIERREZ ALVIZ - PERIODISTA JUAN TRIBUNA,RTAC
19,7,485,PROFESOR FAUSTINO GUTIERREZ ALVIZ - CAPELLAN LEONARDO DEL CASTILLO - PROFESOR MANUEL,RTAC
19,8,486,AVENIDA DEL DEPORTE - FLOR DE GITANILLA - PROFESOR MANUEL OLIVENCIA RUIZ,RTAC
19,9,487,PERIODISTA EDUARDO CHINARRO DIAZ - PROFESOR MANUEL OLIVENCIA RUIZ,RTAC
19,10,488,PROFESOR MANUEL OLIVENCIA RUIZ - PERIODISTA JUAN TRIBUNA,RTAC
51,24,489,PROLONGACION BIOLOGIA - TRABUCO - MIGUEL ROMERO MARTINEZ - CALLE DE LA ESTACION,DYNAMIC
13,20,490,AVENIDA HYTASA - QUEJIO,MFU
54,8,491,ENRAMADILLA - BALBINO MARRON - AVENIDA LUIS CARANDE,MG
51,25,492,AVENIDA SAN JER”NIMO - CALLE TAMARGUILLO,RTAC
52,29,493,CARRETERA DE BRENES - OSO PANDA,RTAC
51,23,494,AVENIDADE LA INGENIERIA - ESTRELLA CASTOR,RTAC
51,31,495,AVENIDA DE LA INGENIERIA - ESTRELLA DENEB,RTAC
51,5,496,RONDA URBANA NORTE - PARQUE DE LOS ALCORNOCALES - BUZON,DYNAMIC_T3
8,23,497,ALFONSO LASSO DE LA VEGA - SIERRA DE LA GRANA,SENTINEL
52,16,498,SAN JUAN DE LA CRUZ - BEATRIZ DE AHUMADA,SENTINEL
52,7,499,AVENIDA PARQUE AMATE - MAGNETISMO - GENERADOR,DYNAMIC
52,18,500,PP MARQUES DE PICKMAN - DO—A JUANA DE CASTILLA,SENTINEL
20,5,501,AVENIDA JEREZ - NUESTRA SE—ORA DEL PILAR (MERCADONA),MF4
52,6,502,CARRETERA DE CARMONA - HIGUERA DE LA SIERRA,MF4
8,24,503,AVENIDA ALCALDE JUAN FERNANDEZ - AVION CUATRO VIENTOS,MF4
51,9,504,ESTRELLA CANOPUS - ESTRELLA CASTOR,RTAC
52,3,505,CARRETERA DE SU EMINENCIA - GUARDERIA EL NIDO,SENTINEL
21,10,506,JUAN DE MATA CARRIAZO - AVENIDA DE CADIZ,MF
52,11,507,SECOYA - INNOVACION - ALMENDRALEJO,MF4
52,12,508,AMERICO VESPUCIO - HERMANOS DELUYAR,DYNAMIC
2,19,509,AVENIDAJIMENEZ BECERRIL - PROCURADORA ASCENSION GARCIA,MF
51,28,510,AGRICULTORES - ESTRELLA PROCION,RTAC
52,26,511,AVENIDA IRLANDA - ESTONIA,RTAC
18,4,512,PP. INCA GARCILASO - JUAN DE CASTELLANOS,RTAC
18,3,513,INCA GARCILASO - JUAN ANTONIO VIZARR”N,DYNAMIC
18,2,514,PP. INCA GARCILASO - EDIFICIO TORRETRIANA,RTAC
18,3,515,INCA GARCILASO - JER”NIMO DE AGUILAR,SENTINEL
18,5,516,CAMINO DESCUBRIMIENTOS - FRANCISCO DE MONTESINOS,RTAC
18,6,517,CAMINO DESCUBRIMIENTOS - LOPEZ PINTADO,RTAC
18,7,518,PP.CAMINO DESCUBRIMIENTOS,RTAC
18,8,519,CAMINO DESCUBRIMIENTOS - JIM…NEZ DE QUESADA,RTAC
52,13,520,PP.TAIWAN-CHINA,RTAC
6,15,521,ALFREDO KRAUS - PARKING LANZADERA,RTAC
9,30,522,PP AVENIDA DE HYTASA - ARAGON,SENTINEL
8,25,523,PP POETA MANUEL BENITEZ CARRASCO - PARQUE CELESTINO MUTIS,DYNAMIC
19,12,524,FLOR DE GITANILLA - FLOR DE RETAMA - DOCTORA NAVARRO RODRIGUEZ,DYNAMIC
52,21,525,FLOR DE GITANILLA - FLOR DE ALBAHACA - FERNANDA CALADO ROSALES,SENTINEL
52,23,526,PP.AVENIDA INGENIERIA - HOTEL HILTON,DYNAMIC
52,20,527,INNOVACION - ASTRONOMO JOSE LUIS COMELLAS,DYNAMIC
50,1,528,PP. MONTES SIERRA (G”MEZ MAQUEDA),DYNAMIC_T3
50,2,529,CORRAL DELAGUA - SIERRA DE AROCHE - CORRAL BARQUILLEROS,DYNAMIC_T3
12,4,530,PP.AVENIDA PINO MONTANO - COMUNIDAD EXTREME—A,DYNAMIC_T3
2,5,531,AVENIDASANCHEZ PIZIUAN - INSTITUTO ANAT”MICO FORENSE,DYNAMIC_T3
12,8,532,AVENIDA PINO MONTANO  - ACCESO BARRIADA SAN DIEGO,DYNAMIC_T3
5,5,533,PP RONDA TRIANA - PARQUE DEL TURRU—UELO,DYNAMIC_T3
5,6,534,PP LOPEZDE GOMARA-GIJON,DYNAMIC_T3
6,21,535,AVENIDA FLOTA DE INDIAS - PE—A BETICA LOS REMEDIOS,DYNAMIC_T3
6,19,900,MURO DEFENSA - ACCESO APARCAMIENTO CHARCO DE LA PAVA,MF
